{
  "name": "apocalypse_overwrite:modern_roads",
  "fallback": "minecraft:empty",
  "elements": [
    {
      "weight": 5,
      "element": {
        "location": "apocalypse_overwrite:gravel_road",
        "processors": {
          "processors": []
        },
        "projection": "terrain_matching",
        "element_type": "minecraft:legacy_single_pool_element"
      }
    },
    {
      "weight": 1,
      "element": {
        "location": "apocalypse_overwrite:gravel_road_dead_end",
        "processors": {
          "processors": []
        },
        "projection": "terrain_matching",
        "element_type": "minecraft:legacy_single_pool_element"
      }
    }
  ]
}