{
  "name": "apocalypse_overwrite:modern_city_villagers",
  "fallback": "minecraft:empty",
  "elements": [
    {
      "weight": 100,
      "element": {
        "location": "apocalypse_overwrite:villager_jogger",
        "processors": {
          "processors": []
        },
        "projection": "terrain_matching",
        "element_type": "minecraft:legacy_single_pool_element"
      }
    },
    {
      "weight": 8,
      "element": {
        "location": "apocalypse_overwrite:villager_hunter",
        "processors": {
          "processors": []
        },
        "projection": "terrain_matching",
        "element_type": "minecraft:legacy_single_pool_element"
      }
    },
    {
      "weight": 1,
      "element": {
        "location": "apocalypse_overwrite:villager_clown",
        "processors": {
          "processors": []
        },
        "projection": "terrain_matching",
        "element_type": "minecraft:legacy_single_pool_element"
      }
    },
    {
      "weight": 20,
      "element": {
        "location": "apocalypse_overwrite:villager_fashionsmith",
        "processors": {
          "processors": []
        },
        "projection": "terrain_matching",
        "element_type": "minecraft:legacy_single_pool_element"
      }
    },
    {
      "weight": 80,
      "element": {
        "location": "apocalypse_overwrite:villager_office-workersmith",
        "processors": {
          "processors": []
        },
        "projection": "terrain_matching",
        "element_type": "minecraft:legacy_single_pool_element"
      }
    },
    {
      "weight": 10,
      "element": {
        "location": "apocalypse_overwrite:villager_politician",
        "processors": {
          "processors": []
        },
        "projection": "terrain_matching",
        "element_type": "minecraft:legacy_single_pool_element"
      }
    },
    {
      "weight": 30,
      "element": {
        "location": "apocalypse_overwrite:villager_criminal",
        "processors": {
          "processors": []
        },
        "projection": "terrain_matching",
        "element_type": "minecraft:legacy_single_pool_element"
      }
    },
    {
      "weight": 55,
      "element": {
        "location": "apocalypse_overwrite:villager_beggar",
        "processors": {
          "processors": []
        },
        "projection": "terrain_matching",
        "element_type": "minecraft:legacy_single_pool_element"
      }
    },
    {
      "weight": 90,
      "element": {
        "location": "apocalypse_overwrite:villager_senior_citizen",
        "processors": {
          "processors": []
        },
        "projection": "terrain_matching",
        "element_type": "minecraft:legacy_single_pool_element"
      }
    },
    {
      "weight": 50,
      "element": {
        "location": "apocalypse_overwrite:villager_stay-at-home-momsmith",
        "processors": {
          "processors": []
        },
        "projection": "terrain_matching",
        "element_type": "minecraft:legacy_single_pool_element"
      }
    },
    {
      "weight": 30,
      "element": {
        "location": "apocalypse_overwrite:villager_stay-at-home-dadsmith",
        "processors": {
          "processors": []
        },
        "projection": "terrain_matching",
        "element_type": "minecraft:legacy_single_pool_element"
      }
    },
    {
      "weight": 2,
      "element": {
        "location": "apocalypse_overwrite:villager_pig_farmer",
        "processors": {
          "processors": []
        },
        "projection": "terrain_matching",
        "element_type": "minecraft:legacy_single_pool_element"
      }
    },
    {
      "weight": 2,
      "element": {
        "location": "apocalypse_overwrite:villager_cow_farmer",
        "processors": {
          "processors": []
        },
        "projection": "terrain_matching",
        "element_type": "minecraft:legacy_single_pool_element"
      }
    },
    {
      "weight": 2,
      "element": {
        "location": "apocalypse_overwrite:villager_chicken_farmer",
        "processors": {
          "processors": []
        },
        "projection": "terrain_matching",
        "element_type": "minecraft:legacy_single_pool_element"
      }
    },
    {
      "weight": 7,
      "element": {
        "location": "apocalypse_overwrite:villager_captain",
        "processors": {
          "processors": []
        },
        "projection": "terrain_matching",
        "element_type": "minecraft:legacy_single_pool_element"
      }
    },
    {
      "weight": 2,
      "element": {
        "location": "apocalypse_overwrite:villager_home-improvementsmith",
        "processors": {
          "processors": []
        },
        "projection": "terrain_matching",
        "element_type": "minecraft:legacy_single_pool_element"
      }
    }
  ]
}