{
  "config": {
    "feature": {
      "config": {
        "hat_state": {
          "Properties": {
            "persistent": "true",
            "distance": "7"
          },
          "Name": "minecraft:jungle_leaves"
        },
        "decor_state": {
          "Name": "minecraft:shroomlight"
        },
        "planted": false,
        "valid_base_block": {
          "Name": "minecraft:gravel"
        },
        "stem_state": {
          "Properties": {
            "axis": "y"
          },
          "Name": "minecraft:stripped_warped_stem"
        }
      },
      "type": "minecraft:huge_fungus"
    },
    "decorator": {
      "config": {
        "count": 8
      },
      "type": "minecraft:count_multilayer"
    }
  },
  "type": "minecraft:decorated"
}