{
  "config": {
    "feature": {
      "config": {
        "feature": {
          "config": {
            "features": [
              {
                "feature": "apocalypse_overwrite:mega_redwood",
                "chance": 0.33333334
              },
              {
                "feature": "apocalypse_overwrite:redwood",
                "chance": 0.33333334
              }
            ],
            "default": "apocalypse_overwrite:mega_redwood"
          },
          "type": "minecraft:random_selector"
        },
        "decorator": {
          "config": {
            "outer": {
              "config": {},
              "type": "minecraft:square"
            },
            "inner": {
              "config": {},
              "type": "minecraft:heightmap"
            }
          },
          "type": "decorated"
        }
      },
      "type": "decorated"
    },
    "decorator": {
      "config": {
        "count": 10,
        "extra_chance": 0.1,
        "extra_count": 1
      },
      "type": "count_extra"
    }
  },
  "type": "decorated"
}