{
    "type": "chest",
    "pools": [
        {
            "rolls": 3,
            "entries": [
                {
                    "type": "item",
                    "weight": 1,
                    "name": "minecraft:leather_helmet",
                    "functions": [
                        {
                            "function": "set_nbt",
                            "tag": "{RepairCost: 0, Damage: 0, display: {color: 16707231, Name: '{\"text\":\"Blonde Wig\"}'}}"
                        }
                    ]
                },
                {
                    "type": "item",
                    "weight": 1,
                    "name": "minecraft:leather_helmet",
                    "functions": [
                        {
                            "function": "set_nbt",
                            "tag": "{RepairCost: 0, Damage: 0, display: {color: 16351261, Name: '{\"text\":\"Red Wig\"}'}}"
                        }
                    ]
                },
                {
                    "type": "item",
                    "weight": 1,
                    "name": "minecraft:leather_helmet",
                    "functions": [
                        {
                            "function": "set_nbt",
                            "tag": "{RepairCost: 0, Damage: 0, display: {color: 3221541, Name: '{\"text\":\"Black Wig\"}'}}"
                        }
                    ]
                },
                {
                    "type": "item",
                    "weight": 1,
                    "name": "minecraft:leather_helmet",
                    "functions": [
                        {
                            "function": "set_nbt",
                            "tag": "{RepairCost: 0, Damage: 0, display: {color: 6964782, Name: '{\"text\":\"Brown Wig\"}'}}"
                        }
                    ]
                }
            ]
        },
        {
            "rolls": 3,
            "entries": [
                {
                    "type": "item",
                    "weight": 1,
                    "name": "minecraft:leather_chestplate",
                    "functions": [
                        {
                            "function": "set_nbt",
                            "tag": "{RepairCost: 0, Damage: 0, display: {color: 2659450, Name: '{\"text\":\"Shirt\"}'}}"
                        }
                    ]
                },
                {
                    "type": "item",
                    "weight": 1,
                    "name": "minecraft:leather_chestplate",
                    "functions": [
                        {
                            "function": "set_nbt",
                            "tag": "{RepairCost: 0, Damage: 0, display: {color: 1908001, Name: '{\"text\":\"Shirt\"}'}}"
                        }
                    ]
                },
                {
                    "type": "item",
                    "weight": 1,
                    "name": "minecraft:leather_chestplate",
                    "functions": [
                        {
                            "function": "set_nbt",
                            "tag": "{RepairCost: 0, Damage: 0, display: {color: 16383998, Name: '{\"text\":\"Shirt\"}'}}"
                        }
                    ]
                },
                {
                    "type": "item",
                    "weight": 1,
                    "name": "minecraft:leather_chestplate",
                    "functions": [
                        {
                            "function": "set_nbt",
                            "tag": "{RepairCost: 0, Damage: 0, display: {color: 15308591, Name: '{\"text\":\"Shirt\"}'}}"
                        }
                    ]
                }
            ]
        },
        {
            "rolls": 3,
            "entries": [
                {
                    "type": "item",
                    "weight": 1,
                    "name": "minecraft:leather_leggings",
                    "functions": [
                        {
                            "function": "set_nbt",
                            "tag": "{RepairCost: 0, Damage: 0, display: {color: 2644058, Name: '{\"text\":\"Pants\"}'}}"
                        }
                    ]
                },
                {
                    "type": "item",
                    "weight": 1,
                    "name": "minecraft:leather_leggings",
                    "functions": [
                        {
                            "function": "set_nbt",
                            "tag": "{RepairCost: 0, Damage: 0, display: {color: 9022894, Name: '{\"text\":\"Pants\"}'}}"
                        }
                    ]
                },
                {
                    "type": "item",
                    "weight": 1,
                    "name": "minecraft:leather_leggings",
                    "functions": [
                        {
                            "function": "set_nbt",
                            "tag": "{RepairCost: 0, Damage: 0, display: {color: 3290681, Name: '{\"text\":\"Pants\"}'}}"
                        }
                    ]
                },
                {
                    "type": "item",
                    "weight": 1,
                    "name": "minecraft:leather_leggings",
                    "functions": [
                        {
                            "function": "set_nbt",
                            "tag": "{RepairCost: 0, Damage: 0, display: {color: 13864494, Name: '{\"text\":\"Pants\"}'}}"
                        }
                    ]
                }
            ]
        },
        {
            "rolls": 3,
            "entries": [
                {
                    "type": "item",
                    "weight": 1,
                    "name": "minecraft:leather_boots",
                    "functions": [
                        {
                            "function": "set_nbt",
                            "tag": "{RepairCost: 0, Damage: 0, display: {color: 4148763, Name: '{\"text\":\"Boots\"}'}}"
                        }
                    ]
                },
                {
                    "type": "item",
                    "weight": 1,
                    "name": "minecraft:leather_boots",
                    "functions": [
                        {
                            "function": "set_nbt",
                            "tag": "{RepairCost: 0, Damage: 0, display: {color: 15961002, Name: '{\"text\":\"Boots\"}'}}"
                        }
                    ]
                },
                {
                    "type": "item",
                    "weight": 1,
                    "name": "minecraft:leather_boots",
                    "functions": [
                        {
                            "function": "set_nbt",
                            "tag": "{RepairCost: 0, Damage: 0, display: {color: 16383998, Name: '{\"text\":\"Boots\"}'}}"
                        }
                    ]
                },
                {
                    "type": "item",
                    "weight": 1,
                    "name": "minecraft:leather_boots",
                    "functions": [
                        {
                            "function": "set_nbt",
                            "tag": "{RepairCost: 0, Damage: 0, display: {color: 14129300, Name: '{\"text\":\"Boots\"}'}}"
                        }
                    ]
                },
                {
                    "conditions": [
                        {
                            "condition": "random_chance",
                            "chance": 0.05
                        }
                    ],
                    "type": "item",
                    "weight": 1,
                    "name": "minecraft:leather_chestplate",
                    "functions": [
                        {
                            "function": "set_nbt",
                            "tag": "{nbt: \"body_odor\", RepairCost: 0, Damage: 0, display: {color: 14129300, Lore: ['{\"text\":\"Smells so bad even the zombies avoid it\"}'], Name: '{\"text\":\"Ultimate Body Odor T-Shirt\", \"italic\":\"false\", \"color\":\"purple\"}'}}"
                        }
                    ]
                }
            ]
        }
    ]
}