{
    "starts": [
        "apocalypse_overwrite:modern_small_town"
    ],
    "spawners": {
        "water_ambient": [],
        "ambient": [],
        "misc": [],
        "water_creature": [],
        "creature": [
            {
                "type": "minecraft:wolf",
                "weight": 10,
                "minCount": 4,
                "maxCount": 4
            }
        ],
        "monster": []
    },
    "spawn_costs": {},
    "creature_spawn_probability": 0.005,
    "player_spawn_friendly":true,
    "surface_builder": "minecraft:grass",
    "carvers": {
        "air": [
            "minecraft:cave"
        ],
        "liquid":[]
    },
    "features": [
        [],
        [
          "minecraft:lake_water"
        ],
        [],
        [],
        [],
        [],
        [
          "minecraft:ore_coal",
          "minecraft:ore_iron",
          "minecraft:ore_gold",
          "minecraft:ore_redstone",
          "minecraft:ore_diamond",
          "minecraft:ore_lapis",
          "minecraft:disk_sand",
          "minecraft:disk_clay",
          "minecraft:disk_gravel"
        ],
        [],
        [
          "minecraft:patch_tall_grass_2",
          "minecraft:plain_vegetation",
          "minecraft:flower_plain_decorated",
          "minecraft:patch_grass_plain",
          "minecraft:brown_mushroom_normal",
          "minecraft:red_mushroom_normal",
          "minecraft:patch_sugar_cane",
          "minecraft:patch_pumpkin",
          "minecraft:spring_water",
          "minecraft:spring_lava"
        ],
        []
    ],
    "scale": 0,
    "temperature": 1.0,
    "temperature_modifier": "none",
    "downfall": 1.0,
    "effects": {
        "fog_color": 6563850,
        "foilage_color": 6563850,
        "grass_color": 6604900,
        "water_color": 6584460,
        "sky_color": 11847880,
        "water_fog_color": 1973770,
        "grass_color_modifier": "none"
    },
    "precipitation": "rain",
    "category": "plains",
    "depth": 0.2
}